{
    "eta": 0.19309592449519558,
    "min_child_weight": 4,
    "max_depth": 17,
    "gamma": 0.5288949197529045
}
