{
    "eta": 0.12629818731726006,
    "min_child_weight": 7,
    "max_depth": 19,
    "gamma": 0.6818202991034834
}
