{
    "eta": 0.19593748502422517,
    "min_child_weight": 8,
    "max_depth": 11,
    "gamma": 0.7805291762864555
}
