{
    "eta": 0.10915118113251361,
    "min_child_weight": 5,
    "max_depth": 7,
    "gamma": 0.7742336894342167
}
