{
    "eta": 0.11792846660784713,
    "min_child_weight": 10,
    "max_depth": 4,
    "gamma": 0.08712929970154071
}
