{
    "lr": 9.426962708696208e-05,
    "dropout": 0.4226800478020575,
    "weight_decay": 0.0,
    "d_layers": [
        128,
        1024,
        1024
    ]
}
