{
    "lr": 0.00010509669045577213,
    "dropout": 0.23315538642815314,
    "weight_decay": 2.7637615125314266e-06,
    "d_layers": [
        64,
        64,
        64,
        64,
        64,
        128
    ]
}
