{
    "lr": 0.0019161084252463947,
    "dropout": 0.0,
    "weight_decay": 2.231090560744303e-06,
    "d_layers": [
        1024
    ]
}
