{
    "lr": 0.0001697262384181416,
    "dropout": 0.28797324777808964,
    "weight_decay": 0.00046734921748237286,
    "d_layers": [
        512,
        128
    ]
}
