{
    "lr": 5.988879692356147e-05,
    "dropout": 0.14807009876107247,
    "weight_decay": 0.0,
    "d_layers": [
        64,
        512,
        512,
        256
    ]
}
