{
    "lr": 9.675570442797642e-05,
    "dropout": 0.2073309699952618,
    "weight_decay": 0.0,
    "d_layers": [
        256,
        64,
        64,
        512
    ]
}
