{
    "max_iter": 951,
    "C": 0.001222906594703436,
    "tol": 0.00045566719139214756
}
