{
    "max_iter": 801,
    "C": 0.03020289640158666,
    "tol": 0.0821246192225687
}
