{
    "learning_rate": 0.86269052207149,
    "depth": 9,
    "l2_leaf_reg": 4.668645686304025,
    "bagging_temperature": 0.7805291762864555,
    "leaf_estimation_iterations": 2,
    "iterations": 2000,
    "early_stopping_rounds": 50,
    "od_pval": 0.001,
    "task_type": "CPU",
    "thread_count": 4,
    "cat_features": [
        4,
        5,
        6,
        7,
        8,
        9,
        10,
        11,
        12,
        13,
        14,
        15,
        16,
        17,
        18,
        19,
        20
    ]
}
